id, visible, probe, colorR, colorG, colorB, volumeAlpha, volumeIso, surfaceAreaAlpha, surfaceAreaIso, sphericityAlpha, sphericityIso, radiusOfGyration, particleCount, densityAlpha, densityIso, centroidX, centroidY, centroidZ, distance, PCA1, PCA2, PCA3, probeParticleCountAlpha1, probeParticleCountIso1,notes
1,1,0,0.568627,0.443137,0.305882,0.10896,-1,1.69522,-1,0.650781,-1,240.067,5439,2.00331e-05,-1,24024,22978.9,1855.74,-1,490.846,280.641,186.962,5439,0,""
2,1,0,0.976471,0.368627,0.670588,0.0777764,-1,1.31696,-1,0.669078,-1,202.162,3889,1.99991e-05,-1,25671.3,23297.8,1959.89,-1,394.995,265.897,159.94,3889,0,""
3,1,0,0.701961,0.0196078,0.105882,0.0781656,-1,1.30628,-1,0.676797,-1,194.367,3860,2.02502e-05,-1,27695.9,21428,461.689,-1,354.617,289.519,141.449,3860,0,""
4,1,0,0.717647,0.65098,0.882353,0.062891,-1,1.22247,-1,0.625612,-1,211.665,3731,1.68563e-05,-1,25077.4,24695.7,462.346,-1,416.795,273.535,128.743,3731,0,""
5,1,0,0.439216,0.14902,0.196078,0.0438143,-1,0.867168,-1,0.693093,-1,171.639,2021,2.16795e-05,-1,25527.6,25315.2,360.913,-1,332.627,229.837,103.494,2021,0,""
