id, visible, probe, colorR, colorG, colorB, volumeAlpha, volumeIso, surfaceAreaAlpha, surfaceAreaIso, sphericityAlpha, sphericityIso, radiusOfGyration, particleCount, densityAlpha, densityIso, centroidX, centroidY, centroidZ, distance, PCA1, PCA2, PCA3, probeParticleCountAlpha1, probeParticleCountIso1,notes
1,1,0,0.192157,0.945098,0.482353,0.0566303,-1,1.20581,-1,0.59143,-1,236.092,2669,2.12178e-05,-1,24029.1,23001.9,1885.97,-1,492.441,258.362,172.763,2669,0,""
2,1,0,0.807843,0.6,0.662745,0.051824,-1,1.03204,-1,0.65134,-1,181.4,2344,2.21092e-05,-1,27700.8,21435.4,453.944,-1,326.591,275.525,141.203,2344,0,""
3,1,0,0.403922,0.564706,0.0666667,0.0461131,-1,1.02674,-1,0.605673,-1,204.167,2272,2.02962e-05,-1,25078.9,24704.2,440.24,-1,406.148,257.541,109.91,2272,0,""
4,1,0,0.145098,0.25098,0.301961,0.0380391,-1,0.794462,-1,0.68849,-1,175.503,1608,2.36561e-05,-1,25679.8,23320.9,1929.91,-1,344.121,229.156,150.058,1608,0,""
5,1,0,0.909804,0.572549,0.294118,0.0215975,-1,0.594003,-1,0.63139,-1,140.048,1173,1.84122e-05,-1,25505.4,25337.7,355.923,-1,274.727,182.743,94.7365,1173,0,""
