id, visible, probe, colorR, colorG, colorB, volumeAlpha, volumeIso, surfaceAreaAlpha, surfaceAreaIso, sphericityAlpha, sphericityIso, radiusOfGyration, particleCount, densityAlpha, densityIso, centroidX, centroidY, centroidZ, distance, PCA1, PCA2, PCA3, probeParticleCountAlpha1, probeParticleCountIso1,notes
1,1,0,0.698039,0.313725,0.113725,0.0944971,-1,1.60717,-1,0.624265,-1,242.319,4604,2.0525e-05,-1,24028.2,22981.8,1862.97,-1,497.858,279.04,185.819,4604,0,""
2,1,0,0.180392,0.909804,0.0117647,0.0698931,-1,1.19763,-1,0.685147,-1,191.865,3492,2.00152e-05,-1,27694.1,21429.9,461.562,-1,345.244,291.592,139.551,3492,0,""
3,1,0,0.709804,0.113725,0.113725,0.0532143,-1,1.09082,-1,0.627215,-1,209.091,3015,1.76499e-05,-1,25078.1,24700.5,456.413,-1,412.957,268.354,120.515,3015,0,""
4,1,0,0.262745,0.0509804,0.737255,0.0601977,-1,1.08212,-1,0.686425,-1,189.99,2674,2.25122e-05,-1,25672.4,23303.7,1937.7,-1,369.976,251.759,164.214,2674,0,""
5,1,0,0.854902,0.886275,0.517647,0.0386754,-1,0.80713,-1,0.685221,-1,164.352,1718,2.25119e-05,-1,25525.6,25319.8,356.548,-1,313.824,226.734,98.9649,1718,0,""
