id, visible, probe, colorR, colorG, colorB, volumeAlpha, volumeIso, surfaceAreaAlpha, surfaceAreaIso, sphericityAlpha, sphericityIso, radiusOfGyration, particleCount, densityAlpha, densityIso, centroidX, centroidY, centroidZ, distance, PCA1, PCA2, PCA3, probeParticleCountAlpha1, probeParticleCountIso1,notes
1,1,0,0.419608,0.258824,0.811765,0.0733898,-1,1.40446,-1,0.603577,-1,242.081,3382,2.17001e-05,-1,24027,22997.3,1864.56,-1,505.362,264.046,181.004,3382,0,""
2,1,0,0.698039,0.792157,0.584314,0.0585129,-1,1.10885,-1,0.657322,-1,187.268,2828,2.06906e-05,-1,27702.3,21442.1,454.515,-1,339.89,281.138,137.678,2828,0,""
3,1,0,0.811765,0.568627,0.262745,0.0502349,-1,1.05321,-1,0.625133,-1,209.603,2593,1.93733e-05,-1,25079.8,24701.5,443.034,-1,419.354,260.564,110.646,2593,0,""
4,1,0,0.313725,0.984314,0.0941176,0.0485096,-1,0.946555,-1,0.679553,-1,182.954,2056,2.35941e-05,-1,25671.9,23311.6,1928.07,-1,356.66,241.912,157.786,2056,0,""
5,1,0,0.682353,0.807843,0.858824,0.0312552,-1,0.696272,-1,0.689161,-1,149.084,1401,2.23092e-05,-1,25511.2,25331.6,358.507,-1,287.084,202.327,99.3706,1401,0,""
