id, visible, probe, colorR, colorG, colorB, volumeAlpha, volumeIso, surfaceAreaAlpha, surfaceAreaIso, sphericityAlpha, sphericityIso, radiusOfGyration, particleCount, densityAlpha, densityIso, centroidX, centroidY, centroidZ, distance, PCA1, PCA2, PCA3, probeParticleCountAlpha1, probeParticleCountIso1,notes
1,1,0,0.709804,0.164706,0.745098,0.103919,-1,1.64159,-1,0.651149,-1,241.388,5181,2.00576e-05,-1,24025,22980,1856.09,-1,495.936,277.969,185.892,5181,0,""
2,1,0,0.223529,0.180392,0.0980392,0.0758503,-1,1.25694,-1,0.689407,-1,193.156,3696,2.05223e-05,-1,27694.7,21427.7,462.123,-1,350.232,290.364,141.423,3696,0,""
3,1,0,0.972549,0.901961,0.439216,0.06935,-1,1.20344,-1,0.678305,-1,195.172,3402,2.03851e-05,-1,25672.5,23301.1,1954.82,-1,383.076,254.117,162.294,3402,0,""
4,1,0,0.996078,0.878431,0.156863,0.0541743,-1,1.12135,-1,0.617455,-1,210.404,3290,1.64664e-05,-1,25075,24697.7,460.363,-1,418.091,266.076,123.365,3290,0,""
5,1,0,0.768627,0.0941176,0.588235,0.0414287,-1,0.855464,-1,0.676836,-1,166.085,1826,2.26882e-05,-1,25522.6,25320,357.989,-1,316.774,229.611,104.276,1826,0,""
